player_name,search_query,video_id,video_title,channel_name,published_at,view_count,like_count,comment_count,engagement_rate
TenZ,"""TenZ"" Valorant",_qRxvsxHgEg,50 Times TENZ Proved He's The BEST In The Game,floz,2025-02-05T03:23:11Z,2408871,25654,454,0.010838272369089089
TenZ,"""TenZ"" Valorant",ur5ltMYTbys,TenZ SHOWS WHY HE HAS THE BEST JETT !!!,TenZ,2026-07-20T11:00:18Z,126752,3581,87,0.0289383993940924
TenZ,"""TenZ"" Valorant",30gjSP_YyA4,TenZ SHOWS HOW HE REALLY PLAYS REYNA !!!,TenZ,2026-07-13T11:00:26Z,182757,5770,150,0.03239274008656303
TenZ,"""TenZ"" Valorant",NEaH4KdToJ4,he was sweating #valorant #valorantclips #tenz #asuna,TenZ,2024-02-27T19:00:18Z,2548845,160252,511,0.06307288203088066
TenZ,"""TenZ"" Valorant",GTkP0L4kRpE,Tenz Insane Iso Ace😳 #TenZ #Valorant,Best Of Benz,2024-10-04T18:12:22Z,535732,7078,25,0.013258494919101341
TenZ,"""TenZ"" Valorant",hz6UkPNNCIc,THIS IS THE EASIEST WAY TO RADIANT... | TenZ,TenZ,2026-07-04T11:00:23Z,165544,4546,88,0.027992557869811047
TenZ,"""TenZ"" Valorant",jKlS742OWTI,TENZ PLAYING REYNA IS A CHEAT !!!,TenZ Replay,2026-04-07T13:01:22Z,291752,5774,79,0.02006155913241383
TenZ,"""TenZ"" Valorant",793qx_bVULs,0.01ms Flick | TenZ,Val Archives,2025-07-18T04:35:10Z,3022200,61054,242,0.020281913837601747
TenZ,"""TenZ"" Valorant",y8VrNRXWovI,Jynxzi Challenged TenZ in a Valorant 1v1...,TenZ,2026-03-19T18:30:00Z,834926,27818,516,0.033935941628359875
Boaster,"""Boaster"" Valorant",zL5XHtYS6o4,BOASTER'S IGL TIPS #shorts #boaster #tip,FNATIC Valorant,2023-08-18T10:00:48Z,735300,35946,205,0.049164966680266556
Boaster,"""Boaster"" Valorant",KVgsDp9pB64,Boaster shows why he is FNATICs IGL,Flash TWITCH Clips,2022-03-02T22:45:47Z,320672,5385,146,0.0172481538768586
Boaster,"""Boaster"" Valorant",MMJsfG7thdQ,Boaster being the funniest Valorant player for 14 minutes straight,OneShotMa,2025-10-16T17:16:42Z,4333,97,6,0.02377105931225479
Boaster,"""Boaster"" Valorant",F12AwIyNFh4,Boaster TROLLS EVERYONE IN VCT #shorts #valorant #valorantshorts #boaster,valobloo,2023-07-21T18:11:25Z,12005772,516765,486,0.04308352682359785
Boaster,"""Boaster"" Valorant",jd_ZUDGvHsA,Boaster BRUTALLY Ranks Every Valorant Player,Esports Spotlight,2026-04-28T15:05:43Z,106654,2947,200,0.029506628912183322
Boaster,"""Boaster"" Valorant",8kIBZBnHgIg,Play got Boaster falling out of his chair 😂 #valorant #valorantchampions #shorts,VALORANT Champions Tour,2025-10-04T15:15:29Z,318573,7655,39,0.024151450374011608
Boaster,"""Boaster"" Valorant",3gtUzPjDlBs,"From Vlogging Sidekick to Valorant Hero: Boaster's Rise, Fall and Rise Again",Upcomer,2021-08-19T15:30:01Z,209677,8488,182,0.0413493134678577
Boaster,"""Boaster"" Valorant",67_GNHD1jbg,Boaster x TWICE Strategy!! #kpop #fnatic #valorant,FNATIC Valorant,2024-12-19T15:03:29Z,212554,4253,37,0.020183106410606246
Boaster,"""Boaster"" Valorant",qwaN2el7goI,Boaster locks down the 1v2! #valorant #valorantchampions #shorts,VALORANT Champions Tour,2025-10-05T13:56:58Z,94077,2077,22,0.022311510783719717
Boaster,"""Boaster"" Valorant",CvyhIPz0UZo,Does FNATIC Boaster Actually Suck?,Platoon,2024-10-11T14:47:00Z,203860,5909,300,0.030457176493672126
aspas,"""aspas"" Valorant",Vvjp6MU1v-w,ASPAS FEZ UM ACE INSANO NESSE GAME! ft. fRoD,ASPAS,2026-07-21T19:00:08Z,17993,1347,30,0.07652976157394542
aspas,"""aspas"" Valorant",OHCPV-Kvgzo,50 Times ASPAS Proved He's The BEST In The Game,floz,2025-02-16T00:08:28Z,517695,7306,103,0.01431151546760158
aspas,"""aspas"" Valorant",H2SM1Y_eGd8,Aspas advice for low elo #valorant #valoranttips,NoobIGL,2025-01-30T12:05:33Z,268430,0,108,0.0004023395298588086
aspas,"""aspas"" Valorant",rKcCKhXVbBw,Aspas 1v5 vs 100Thieves #valorant #Aspas #tarik,Top Valorant Replay,2023-05-08T11:00:39Z,131906,3027,13,0.02304671508498476
aspas,"""aspas"" Valorant",VD6-7Sn7aPQ,MIBR aspas's Aim in 10 Minutes,dacoit,2026-05-03T04:37:59Z,69037,3179,110,0.04764111997914162
aspas,"""aspas"" Valorant",YWeUQps-JIA,25 VEZES QUE O ASPAS CHOCOU O MUNDO 🌍🌪️🌪️,ASPAS,2025-07-17T16:01:03Z,464391,16288,144,0.035383976002980246
aspas,"""aspas"" Valorant",NdBum_Nd_iM,Aspas Too Fast Opponent Rip Down in Seconds #aspas #valorant,PingZero,2024-09-25T03:40:53Z,290874,0,18,6.188246457228903e-05
aspas,"""aspas"" Valorant",_uME7MtqyCM,this is why you don't trashtalk the goat #aspas #valorant #goat,snstry,2025-09-27T03:56:11Z,146861,5942,71,0.04094347716548301
aspas,"""aspas"" Valorant",cLt2ukr6xJM,ASPAS DISTRIBUINDO TAPS PELA RANKED DO N.A!,ASPAS,2026-06-08T19:00:09Z,68671,4212,53,0.06210773106551528
aspas,"""aspas"" Valorant",2EKvm7SHXkk,Is aspas a Baiter?,Val Archives,2025-07-11T18:14:22Z,141924,3138,50,0.02246272652969195
something,"""something"" Valorant",_Lj5QTUfyVM,PRX SOMETHING IS DESTROYING RADIANT RANKED WITH *NEW* YORU BUFF & DROPS 30 KILLS!! | VALORANT,haunt,2026-07-22T12:00:24Z,8605,151,5,0.018128994770482278
something,"""something"" Valorant",Ln3TgqimCWY,flick | PRX SOMETHING #shorts,smth,2023-12-17T09:00:16Z,111686,1787,17,0.016152427340937987
something,"""something"" Valorant",dG5RZo58K2M,Prx Something Is Nuts 👀,Overtime Gaming,2023-10-15T19:00:27Z,207198,3194,24,0.015531037944381702
something,"""something"" Valorant",byN0CxWUwa4,PRX something made TenZ lose his mind after this INSANE clutch vs G2,Val Archives,2025-09-26T15:01:22Z,986767,20623,83,0.020983676997710705
something,"""something"" Valorant",uN0yKJel5sA,40 Times PRX something Proved he's the BEST in the game,Koroda,2025-08-28T06:30:25Z,448943,7397,134,0.016774958068173466
something,"""something"" Valorant",bhiaTPsT36s,BEST High Sens PLAYER?! - PRX something [APAC] #MatchMVP,RadiantOnly,2026-07-19T22:19:45Z,20130,404,13,0.020715350223546945
something,"""something"" Valorant",RT5cnu4BFyc,PRX something flick. #gaming #valorant #valorantclips #vct,Esports Highlights,2024-06-01T11:48:11Z,191458,1423,19,0.007531677965924641
something,"""something"" Valorant",O8G2-UNejb0,PRX Something sees a ghost #WGAMING #Shorts #valorant,Paper Rex,2023-11-22T10:00:17Z,1969010,69696,120,0.03545741260836664
something,"""something"" Valorant",1zJ_vEqGDZM,PRX something's Aim in 8 Minutes,dacoit,2026-01-09T13:26:28Z,125433,2376,48,0.01932505799909115
something,"""something"" Valorant",YMbp9DCsBE4,The 1-Kill Yoru Map 😭 (PRX something),Espordity,2026-07-22T13:00:32Z,147553,4992,62,0.034252099245694764
zekken,"""zekken"" Valorant",zWPqEp-_7m4,SEN zekken reacts to Neon Movement 😲,temet,2024-05-26T18:00:24Z,1061423,53652,84,0.05062637610076284
zekken,"""zekken"" Valorant",wLZe7gjV2xM,ZEKKEN SHOWS WHY *NEW* CHAMBER IS BROKEN !!!,zekken,2026-07-14T16:00:08Z,16263,524,15,0.033142716595954004
zekken,"""zekken"" Valorant",2Q7TXeuJ9fI,5 bullets 1vs5 ace #zekken #valorant #valorantclips  #valorantclip #valorantmoment #gamingonyoutube,zekken,2023-09-07T17:00:01Z,1322312,43509,171,0.03303305120122936
zekken,"""zekken"" Valorant",d44EIO-8JFg,Zekken’s Miraculous Round 😳(UNSENSORED),Sentinels,2025-09-19T17:00:55Z,283213,9505,27,0.03365664711718742
zekken,"""zekken"" Valorant",R8Wn0TnKytI,They Couldn't HANDLE zekken x aspas DUO !!! (60 kills),zekken,2026-02-02T17:00:44Z,42353,2124,54,0.05142492857648809
zekken,"""zekken"" Valorant",XRrP2wOf0Rg,ZEKKEN GOES CRAZY ON JETT & DROPS 40 KILLS !!!,zekken,2025-11-06T15:01:10Z,45038,1600,27,0.036125049957813404
zekken,"""zekken"" Valorant",vayz4uV6Zx8,ZEKKEN & ASPAS PLAYING THE FUNNIEST RADIANT GAME EVER !!!,zekken,2026-02-13T14:47:28Z,28601,1386,39,0.049823432747106745
zekken,"""zekken"" Valorant",IZWO9KXzHA0,Casters Losing Their Minds Over zekken in VCT !!!,zekken,2025-08-11T16:00:25Z,107328,4333,85,0.04116353607632677
zekken,"""zekken"" Valorant",4pg22IENYMg,ZEKKEN DESTROYS AN IMMORTAL LOBBY?! (ft. Noia),zekken,2026-07-21T16:00:00Z,6649,328,14,0.05143630621146037
zekken,"""zekken"" Valorant",Yoas6Q02B8s,I Couldn't Stop TROLLING aspas 😂 | zekken,zekken,2026-01-30T15:01:08Z,51328,2358,30,0.04652431421446384
yay,"""yay"" Valorant",xXDpdNzU1_w,FNS Reacts to EG Yay AIMBOT 4k Sheriff Against Sentinels | SEN VS EG | Valorant,Ansux,2025-08-10T03:44:31Z,2807,25,0,0.008906305664410403
yay,"""yay"" Valorant",Z1WAKp5rJbg,Everybody FEARS YAY,MEZY,2022-07-10T04:30:06Z,921681,13444,239,0.014845700410445696
yay,"""yay"" Valorant",PnrAd3nrBTA,Yay's Aim Is Too Clean,yayster,2023-08-01T23:00:09Z,211849,6822,120,0.03276862293425978
yay,"""yay"" Valorant",I8vD7G0sl50,FNS On PRIME YAY and VCT 2021-2023,AloneVal,2026-07-19T20:37:22Z,5081,112,12,0.024404644754969493
yay,"""yay"" Valorant",EBmAuTJI-6U,Yay Had Enough Of Marved Barking And Meowing For Subs,𝑬𝑮𝑶 | Clips,2026-01-18T14:42:16Z,15911,463,16,0.030104958833511407
yay,"""yay"" Valorant",AsstNGE8FzA,EG Yay on Chamber terrorizing G2 shanks for 5 minutes,ValoVODS,2025-08-04T04:12:20Z,203364,2652,124,0.01365040026750064
yay,"""yay"" Valorant",IJAS43OmPUw,9 Minutes of Flawless Yay Aim Mechanics,Draxel,2026-07-12T02:30:13Z,9390,429,55,0.05154419595314164
yay,"""yay"" Valorant",TBMRI2so1vc,How to CALM AIM Like Yay,Valorant Ascended,2022-10-10T11:00:28Z,113152,3741,179,0.03464366515837104
yay,"""yay"" Valorant",6_5ksPccmQA,The Tragedy of Valorant's Lost Superstar,theScore esports,2024-03-10T19:00:03Z,294593,8271,490,0.029739335286310266
yay,"""yay"" Valorant",bZK7w-GTQzA,I studied PRIME yay for 100+ hours... what made his aim so good?,korey,2025-07-16T19:12:32Z,66295,2608,259,0.04324609699072328
Derke,"""Derke"" Valorant",dyTifGww-Ek,VIT Derke's Aim in 10 Minutes,NEVERM1ND_,2026-05-27T14:49:35Z,7152,163,1,0.022930648769574943
Derke,"""Derke"" Valorant",svlXw5WQqpc,VIT Derke EXPOSED FUT CHEATING in VCT Masters London (3 in Total),AT Meraki,2026-06-08T23:36:47Z,85056,1780,288,0.02431339352896915
Derke,"""Derke"" Valorant",4GjPi-v058E,Derke has 3 of the 5 ACES at #VALORANTMasters Bangkok btw,VALORANT Champions Tour,2025-02-27T16:00:14Z,33055,1414,12,0.0431402208440478
Derke,"""Derke"" Valorant",nKR-fShCCAg,TOP 10 Players with Most KILLS at VCT International #valorant #quiz #toptenthings #aspas #derke,GIANTX VALORANT,2025-04-08T15:00:58Z,4045,67,3,0.0173053152039555
Derke,"""Derke"" Valorant",Dp2ekhttehI,VIT Derke,dacoit,2025-04-28T11:10:01Z,62544,1205,38,0.019874008697876696
Derke,"""Derke"" Valorant",H9YDrJOp_-g,Aspas got jumpscared by Derke #shorts,All Things Valorant,2023-08-16T19:40:02Z,104212,1691,22,0.016437646336314435
Derke,"""Derke"" Valorant",Y68_J0bXLdE,The Art Of AIMBOT: Derke,MEZY,2023-06-23T06:00:20Z,133251,3829,103,0.029508221326669217
Derke,"""Derke"" Valorant",JW8why-AHbg,Even when Boaster trolls his calls are INSANE 🤣,VITALITY Derke,2023-05-08T00:00:11Z,1011485,44790,163,0.044442577003119176
Derke,"""Derke"" Valorant",j8o2aTP24Yc,Best FNC Derke TOURNAMENT PLAYS HIGHLIGHTS,Cypher Valorant,2023-10-16T13:12:14Z,28380,419,7,0.015010570824524313
Derke,"""Derke"" Valorant",gA5ityAyq44,Fnatic Derke Aim is Unique But Why Does it Work? | (Aim like Derke),CriticalYT,2023-05-31T14:00:29Z,54001,802,57,0.015907112831243866
Chronicle,"""Chronicle"" Valorant",LQEaO5U1Dsc,CHRONICLE - RUSSIAN MACHINE | VALORANT MONTAGE #HIGHLIGHTS,Valorant Vision,2023-08-18T10:55:57Z,51144,873,34,0.017734240575629594
Chronicle,"""Chronicle"" Valorant",8WNQxJPGf9Y,TOTAL DESTRUCTION!! - VIT Chronicle [EU] #MatchMVP,Valo Pro Replays,2025-11-15T02:27:29Z,21839,283,15,0.013645313430102111
Chronicle,"""Chronicle"" Valorant",HZenDNaJJrI,Tarik REACTS To This Fnatic Chronicle Flick | VCT 2023: LOCK//IN,Im_Nb1 أمين,2023-03-03T22:18:31Z,29492,120,1,0.004102807541028076
Chronicle,"""Chronicle"" Valorant",588qgkzEmp4,SHAHZAM shocked after Chronicle Roasting Demon1 | VCT master tokyo,Bruni,2023-06-26T11:28:34Z,34704,326,17,0.009883586906408483
Chronicle,"""Chronicle"" Valorant",6j1-kMTdT24,FNS On Why Chronicle & Leo are The Greatest Valorant Players,Subroza404,2025-07-13T11:48:22Z,69579,1572,57,0.023412236450653216
Chronicle,"""Chronicle"" Valorant",VLXbzztvJTQ,CHRONICLE'S MOST FAMOUS MOMENTS - Valorant Montage (2020-2025),Pro Spotlight ,2024-11-04T01:48:57Z,25581,334,17,0.013721121144599507
Chronicle,"""Chronicle"" Valorant",4AjR8JF4wW8,FNS & TenZ Talks About Who's The GOAT of Valorant? (Chronicle or Aspas),AloneVal,2025-10-04T22:13:34Z,19716,390,299,0.03494623655913978
Chronicle,"""Chronicle"" Valorant",WuebNGJYCMk,Why Pro's Call This Spot Chronicle🌴,Espordity,2026-07-01T13:00:19Z,167669,3828,31,0.023015584276163153
Chronicle,"""Chronicle"" Valorant",5JM3uIR8BLg,"FNC Chronicle, The GOAT",PattaGobi,2025-07-09T03:30:04Z,31376,589,38,0.019983426823049464
Chronicle,"""Chronicle"" Valorant",lF1P-RlCM5E,TenZ Reacts to Chronicle Joining Team Vitality,WIDE KILLJOY,2025-10-26T04:02:11Z,70815,1112,83,0.0168749558709313
Alfajer,"""Alfajer"" Valorant",Tugx16tMdpA,Stop Missing Your Shots. This Is How Alfajer Aims!,FNATIC Valorant,2026-05-07T15:53:51Z,128390,5595,151,0.044754264350806136
Alfajer,"""Alfajer"" Valorant",EcMvl5cKYro,20 Times Alfajer Proved He’s The AIM GOD of Valorant,Val Archives,2025-05-19T14:39:05Z,41235,602,9,0.014817509397356614
Alfajer,"""Alfajer"" Valorant",Qh6KgsC12PE,Valorant Streamers React To FNC Alfajer UNREAL SHOT On KC LewN In VCT,Im_Nb1 أمين,2026-07-22T19:28:48Z,8297,119,3,0.01470410991924792
Alfajer,"""Alfajer"" Valorant",McMgKlQ3Zp0,Top 5 Best Fnatic Alfajer Aces ⭐,Noxie,2024-07-18T17:00:24Z,116558,2137,24,0.01854012594588102
Alfajer,"""Alfajer"" Valorant",IAVH5adAK80,Valorant Streamers React To FNC Alfajer CRAZY 4k Against Karmine Corp In VCT,Im_Nb1 أمين,2026-07-22T21:25:52Z,4389,65,5,0.01594896331738437
Alfajer,"""Alfajer"" Valorant",ZQnLEM8PoEU,WTCN ALFAJER İN EFSANE CLUTCH INA TAKIMININ TEPKİSİNİ İZLİYOR,WalaxyVL,2023-03-13T18:51:46Z,56605,518,10,0.009327797897712216
Alfajer,"""Alfajer"" Valorant",qb3V7up9W7k,ALFAJER BURDAN ÇIKAMAZ #shorts,2xCIV,2025-07-26T12:11:31Z,637446,9288,66,0.014674184166188195
Alfajer,"""Alfajer"" Valorant",WDR__hbwpV4,FNC Alfajer Disrespectful Ace Tarik,Val Archives,2025-06-25T12:40:52Z,73265,1894,7,0.025946905070634
Alfajer,"""Alfajer"" Valorant",xPSPv7QWnao,FNC Alfajer aimer,NEVERM1ND_,2026-01-08T14:45:12Z,46586,679,14,0.01487571373373975
Alfajer,"""Alfajer"" Valorant",ygIPEeH75Lg,SEN TenZ Reacts To FNC Alfajer WINNING EVERY DOUBLE PEEK AGAINST NRG In TOKYO MASTERS,ROZA Shorts,2023-06-17T06:12:11Z,256388,1507,68,0.0061430332152830865
Jinggg,"""Jinggg"" Valorant",sBjr8_CziW0,THE BEST DUELIST!! - PRX Jinggg [APAC] #MatchMVP,VALOPIUM,2026-07-23T09:00:32Z,1584,29,0,0.018308080808080808
Jinggg,"""Jinggg"" Valorant",qwXv04_QDgQ,40 Times Jinggg Proved He’s the GOAT,Jingggxd,2025-06-21T13:01:39Z,122825,3690,99,0.030848768573173212
Jinggg,"""Jinggg"" Valorant",ooNUphGopbc,PRX jinggg protecting his duo aspas,Val Archives,2025-09-11T11:30:49Z,966731,23562,90,0.024465957955211948
Jinggg,"""Jinggg"" Valorant",o3j4_66ZjOU,40 Times Jinggg Proved he's the BEST in the game,Koroda,2024-06-03T16:26:21Z,207541,3713,138,0.01855536978235626
Jinggg,"""Jinggg"" Valorant",p3j1Fgf1L_s,The Most Aggressive Jett in Radiant,Jingggxd,2025-12-11T13:01:44Z,93662,1401,26,0.015235634515598642
Jinggg,"""Jinggg"" Valorant",VdtK49EvoxU,Valorant Streamers React To PRX Jinggg 1000IQ FAKE Omen ULT Against NRG In Masters Santiago,Im_Nb1 أمين,2026-03-14T21:25:06Z,383399,6706,670,0.019238443501417582
Jinggg,"""Jinggg"" Valorant",-mf2bQFSuF4,PRX Jinggg: special,dacoit,2025-04-02T08:52:57Z,147023,3202,53,0.022139393156172842
Jinggg,"""Jinggg"" Valorant",Pe0YGw_DrCI,This is the reason why Jinggg's MOM always Follow HIM #jinggg #prx #forsaken #valorant #gaming,lgk,2025-09-13T10:27:12Z,60002,994,13,0.016782773907536415
Jinggg,"""Jinggg"" Valorant",VkmAZmGqDD0,PRX Jinggg Outplaying everyone in 2026,OneShotMa,2026-04-26T03:30:19Z,36188,506,18,0.014479938101027965
Jinggg,"""Jinggg"" Valorant",lj1Mzd5IYy8,Valorant Streamers/Pros React to PRX Jinggg Omen Fake ULT is INSANE Vs NRG in Masters Santiago,Valorant Dodi,2026-03-14T22:21:40Z,28889,312,24,0.011630724497213472
