player_name,popularity_score,reputation_score,videos_found,total_views,average_engagement_rate,comment_count,article_count
ara,75.74,71.49,30,32459308,0.025207831394692667,182,7
Boaster,48.83,77.46,30,19828003,0.02667771380545245,379,31
f0rsakeN,39.24,77.77,30,15317800,0.02725895120553224,355,32
Cloud,32.89,68.92,30,12803431,0.02321599724833607,400,16
Coco,30.02,56.04,30,10873,0.131822285092022,45,0
Zellsis,27.27,65.19,30,9108292,0.03351307759384016,325,4
Demon1,27.08,76.72,29,10189073,0.02242912640922527,355,6
Asuna,24.22,74.76,30,8479729,0.026077753193702438,350,4
something,22.68,73.34,30,8771708,0.01653489559446892,343,75
saadhak,22.06,74.14,30,4232170,0.0568263302713757,263,4
Meiy,21.56,50.59,30,7960813,0.019285511397222562,312,0
t3xture,19.26,79.22,30,6871801,0.019505919973733677,299,4
Jinggg,18.26,78.77,30,6449162,0.019120027140030374,215,14
OLIZERA,18.06,51.31,30,47186,0.07889374547582645,18,0
Wo0t,16.44,73.73,30,5520822,0.0199313485905259,286,7
aspas,16.18,72.36,30,2917001,0.043436507559755214,311,23
dgzin,16.08,49.71,30,775700,0.06330759054177994,187,0
AvovA,15.99,51.24,30,1952457,0.05173853541719204,174,0
zekken,15.73,74.98,30,3661918,0.03442250543341782,211,15
tuyz,15.34,50.49,30,1688131,0.051402522714595895,314,0
neT,15.08,76.65,30,4290628,0.02560750817974874,158,4
keznit,15.06,76.06,30,2957551,0.03816640620253388,269,1
d4v41,15.05,73.07,30,4871065,0.019988184975649123,148,13
stax,14.75,77.06,30,4514473,0.022053829402594982,334,7
cNed,14.59,75.8,30,3975061,0.02644692194814232,306,2
benjyfishy,14.5,78.69,30,4079685,0.02506006415349981,321,4
ZmjjKK,14.41,60.32,30,4594420,0.01978745295298331,316,8
CLZ,14.41,50.01,30,5280271,0.01327146190378189,221,0
nAts,13.83,78.59,30,2766108,0.03455800406947783,275,16
pryze,13.59,48.04,30,111459,0.058661677655117296,109,0
s0m,13.53,75.16,30,3298285,0.028216818696860924,293,15
Monyet,13.43,75.13,30,3730652,0.02368262427563377,242,4
Less,12.75,74.68,30,1716198,0.03974613609719968,233,19
johnqt,12.52,78.68,30,2622765,0.03018079356929731,239,8
Xeppaa,12.46,53.72,30,3558433,0.02103408437084449,198,0
KovaQ,12.19,53.67,30,1067245,0.04346990459200299,90,0
MOLSI,11.99,52.81,30,35362,0.05236903966138299,56,0
Lsn,11.98,51.58,30,55142,0.05211829024173219,35,0
brawk,11.89,75.59,30,3161330,0.02228911487048279,258,23
mada,11.85,72.88,30,2528377,0.028130851225051382,132,16
Scales,11.81,50.94,30,72723,0.05119011957271755,36,0
Alfajer,11.79,76.75,30,3298789,0.02054099089042503,173,24
ANGE1,11.54,76.82,30,2772717,0.024419365220843002,269,8
marteen,11.54,52.98,30,2681110,0.025322853684802037,287,0
cortezia,11.36,74.17,30,1124129,0.039265599302776226,218,7
skuba,11.22,74.19,30,2310825,0.027391887701891226,271,13
LuoK1ng,11.21,54.61,30,85206,0.04844297829873802,65,0
MONSTEERR,11.18,50.32,30,169991,0.047510346808786894,84,0
bang,11.11,78.07,30,2709301,0.023135724564826397,220,20
Sato,10.9,76.17,30,1110474,0.037383137597012776,125,1
adverso,10.89,50.32,30,283834,0.04515395119106368,145,0
gobera,10.85,49.48,30,28816,0.04740318003142442,38,0
artzin,10.57,74.56,30,589305,0.04086984090747426,221,4
Veqaj,10.55,75.91,30,2491414,0.022763313370846822,137,2
Viva,10.51,56.94,30,923043,0.03744752333530058,188,0
Melser,10.47,50.55,30,338841,0.04280136134680578,45,0
leaf,10.45,75.43,30,2371950,0.02343520758490988,273,10
xenom,10.18,74.46,30,361562,0.04131066812713294,123,2
Ethan,10.16,75.07,30,2164185,0.024132494057311382,288,17
jawgemo,10.14,77.18,30,1646403,0.028940504413668026,158,12
alexiiik,10.09,78.71,30,157648,0.042825563128521635,51,4
gyen,10.09,50.86,30,2969543,0.01620997555778854,333,0
valyn,10.04,79.26,30,2152121,0.023744815499310293,294,7
baddyG,9.95,49.59,30,80116,0.04294568584418063,27,0
trent,9.82,78.64,30,2194900,0.022342093329337454,267,5
paTiTek,9.8,76.43,30,971710,0.033842487414552654,335,5
Urango,9.69,51.24,30,545255,0.037423822379791714,167,0
kaajak,9.41,75.78,30,2346782,0.019105361011761406,215,27
PatMen,9.34,76.98,30,2429596,0.018009790122577488,270,20
Meteor,9.21,75.11,30,2222715,0.019385985470025856,240,12
Jamppi,9.19,71.65,30,1324650,0.02784908204230365,168,5
hiro,8.95,75.01,30,1178257,0.028156133610334724,73,6
JonahP,8.88,80,30,1166511,0.027945797942230007,152,5
crazyguy,8.85,74.93,30,1951249,0.020407355437710734,104,3
N4RRATE,8.73,66.53,30,1778842,0.021493126183765546,82,4
nobody,8.65,70.41,30,1414902,0.024608060381960235,264,14
SUYGETSU,8.64,73.93,29,1894246,0.020028909215513507,287,2
RieNs,8.53,74.99,30,970168,0.028277245824160475,56,6
Levius,8.45,50,30,114196,0.03603507236980514,3,0
Chronicle,8.4,78.73,30,1550454,0.022217482882561906,248,31
MiniBoo,8.39,77.97,30,1003401,0.027351795979797342,216,8
doma,8.33,64.44,30,1566481,0.021773630119280858,237,4
BuZz,8.27,73.62,30,1396981,0.023111287408161544,249,18
Verno,8.21,77.54,30,1366894,0.023134297374516277,242,11
UNFAKE,8.17,54.61,30,1037946,0.026073165655480682,18,0
Derrek,8.09,80.84,30,1021169,0.02586031763120172,244,2
rushia,7.96,53.19,30,1446674,0.02126341964151075,151,0
Kess,7.94,53.98,30,299931,0.03205145761709262,141,0
crashies,7.94,75.85,30,1287569,0.022701322528245225,138,21
sociablEE,7.85,75.62,30,898247,0.026001927579641357,71,3
DH,7.79,74.74,30,1540359,0.019632264474204922,125,3
CHICHOO,7.77,68.41,30,1304799,0.021774968771685953,91,4
coconut,7.74,78.56,30,101660,0.033045449119951935,47,1
keiko,7.65,74.97,30,752155,0.026469467093312507,99,8
Minny,7.63,52.48,30,264564,0.03101148419670781,130,0
Flashback,7.52,70.28,30,1519205,0.018653964055160743,281,8
Avez,7.48,52.11,30,954958,0.023802740992983032,253,0
Smoggy,7.42,64.64,30,1179600,0.021429622883141566,170,3
Xdll,7.41,49.93,30,1711510,0.016329755138160144,201,0
AtaKaptan,7.38,51.1,30,975375,0.02317904279691831,125,0
Knight,7.36,75.73,30,986476,0.02300101948386886,98,8
xeus,7.31,52.82,30,854202,0.024019008648227792,188,0
C0M,7.25,79.74,30,528714,0.026831777017989198,54,6
Foxy9,7.08,75.46,30,1075539,0.020913459886566302,223,1
Proxh,7.02,52.3,30,1130491,0.020151461795910715,104,0
iZu,7.01,50.59,30,1208620,0.019331650529053397,183,0
flyuh,6.95,79.41,30,222835,0.028448899841188712,220,1
yoman,6.95,73.91,30,803223,0.022931407320711805,67,2
invy,6.89,78.2,30,1645210,0.01470013234532395,111,1
Jemkin,6.82,76.31,30,1148033,0.019078065006866585,166,8
trexx,6.8,78.86,30,808051,0.022208599780073855,117,4
Flex1n,6.79,50,30,16546,0.02966203078115918,1,0
free1ng,6.72,49.83,30,959704,0.020452086790376637,92,0
Kushy,6.5,50.47,30,1108645,0.018052123039850595,59,0
kamo,6.19,74.56,30,583652,0.021678263095439763,144,1
grubinho,6.14,61.04,30,78047,0.02622985949045741,9,3
HYUNMIN,6.07,74.29,30,1103028,0.016203692288057507,118,11
SpiritZ1,6.04,50.54,30,186975,0.024767055916329772,31,0
Dambi,6.03,51.62,30,892212,0.018022590119469904,281,0
BeYN,5.94,81.89,30,794697,0.018575368047416486,130,3
xffero,5.94,50.39,30,805534,0.018477147627855073,19,0
yetujey,5.82,52.7,30,542803,0.02041177032856779,43,0
Munchkin,5.8,74.94,30,819162,0.017722119177389646,178,2
LewN,5.67,50.54,30,350906,0.021589538510132126,22,0
penny,5.62,77.26,30,254377,0.022272137923173767,115,6
MAGNUM,5.56,76.37,30,258136,0.022001046996160352,39,5
NaturE,5.44,73.98,30,193607,0.022063488660345233,28,13
Francis,5.39,77.01,30,482974,0.019124028609984953,27,1
Shao,5.38,75.05,30,557376,0.01835011966177346,127,4
thyy,5.36,53.22,30,1144227,0.01268931406333889,128,0
Ruxic,5.29,76.81,30,505892,0.018438964416669278,71,5
NoMan,5.23,57.64,30,393033,0.019256674036231637,72,2
MaKo,5.03,74.06,30,579337,0.01659379289604186,35,9
Boo,4.96,75.17,30,395613,0.01805978019266116,32,7
PROFEK,4.85,66.64,30,335677,0.01812632191410044,24,5
jkuro,4.72,52.82,30,520244,0.01579933950369695,50,0
nephh,4.67,76.6,30,406729,0.016679639436874085,51,1
Ivy,4.49,78.34,30,410641,0.015827422519940283,121,2
westside,4.44,75.77,30,240797,0.017238844662867868,45,2
Akeman,4.27,80.16,30,378154,0.015158407001119902,107,1
Rarga,4.27,61.15,30,440881,0.014590309318713655,61,2
Nicc,4.11,48.29,30,32977,0.01776177619207231,11,0
whzy,4.05,74.91,30,318784,0.014761505563873088,137,1
Flickless,3.93,72.94,30,48718,0.016800383215875903,5,1
happywei,3.63,37.42,30,353396,0.012604487452722317,65,1
Jieni7,3.57,52.93,30,142660,0.014349762700897894,22,3
pyrolll,2.76,51.17,30,53546,0.01164012820196753,20,0
heybay,0,50,0,0,0,0,0
Cangshu,0,50,0,0,0,0,0
player,0,72.25,0,0,0,0,132
5CM,0,50,0,0,0,0,0
MrCANI,0,50,0,0,0,0,0
waituu,0,50,0,0,0,0,0
OBONE,0,50,0,0,0,0,0
S1Mon,0,73.44,0,0,0,0,2
Bai,0,50,0,0,0,0,0
XII,0,50,0,0,0,0,0
koalanoob,0,74.59,0,0,0,0,5
YOU,0,70.94,0,0,0,0,120
Rossy,0,50,0,0,0,0,0
Serial,0,75,0,0,0,0,1
CyvOph,0,50,0,0,0,0,0
TvirusLuke,0,50,0,0,0,0,0
Haodong,0,50,0,0,0,0,0
zjc,0,71.91,0,0,0,0,1
Lysoar,0,50,0,0,0,0,0
Yuicaw,0,50,0,0,0,0,0
SiuFatBB,0,74.98,0,0,0,0,2
Spring,0,74.04,0,0,0,0,4
Juicy,0,74.73,0,0,0,0,2
XiYiJi,0,50,0,0,0,0,0
CB,0,50,0,0,0,0,0
SWERL,0,74.86,0,0,0,0,2
monk,0,50,0,0,0,0,0
GuanG,0,50,0,0,0,0,0
Ezeir,0,50,0,0,0,0,0
Babyblue,0,50,0,0,0,0,0
kklin,0,50,0,0,0,0,0
Z1yan,0,50,0,0,0,0,0
stew,0,50,0,0,0,0,0
o0o0o,0,50,0,0,0,0,0
Midi,0,74.96,0,0,0,0,1
sheydos,0,50,0,0,0,0,0
Khalil,0,50,0,0,0,0,0
soulcas,0,50,0,0,0,0,0
Add3r,0,50,0,0,0,0,0
SyouTa,0,50,0,0,0,0,0
mindfreak,0,74.91,0,0,0,0,7
jakee,0,50,0,0,0,0,0
Suggest,0,58.99,0,0,0,0,6
bdog,0,50,0,0,0,0,0
hype,0,74.84,0,0,0,0,9
Deryeon,0,74.59,0,0,0,0,1
oderus,0,50,0,0,0,0,0
Boostio,0,65.03,0,0,0,0,5
FiNESSE,0,50,0,0,0,0,0
v1nny,0,50,0,0,0,0,0
vakk,0,50,0,0,0,0,0
carpe,0,50,0,0,0,0,0
PxS,0,50,0,0,0,0,0
raafa,0,50,0,0,0,0,0
Zap,0,50,0,0,0,0,0
havoc,0,74.99,0,0,0,0,1
Askia,0,50,0,0,0,0,0
stellar,0,74.99,0,0,0,0,3
nzr,0,50,0,0,0,0,0
mwzera,0,50,0,0,0,0,0
Click,0,74.95,0,0,0,0,9
bunt,0,50,0,0,0,0,0
runneR,0,74.78,0,0,0,0,11
Dynamite,0,50,0,0,0,0,0
tomaszy,0,50,0,0,0,0,0
B1ack,0,50,0,0,0,0,0
purp0,0,74.96,0,0,0,0,1
Governor,0,50,0,0,0,0,0
florescent,0,25.23,0,0,0,0,1
Kada,0,50,0,0,0,0,0
Art,0,74.95,0,0,0,0,9
Zyppan,0,50,0,0,0,0,0
nizhaoTZH,0,50,0,0,0,0,0
Eren,0,50,0,0,0,0,0
Sylvan,0,74.69,0,0,0,0,3
margaret,0,50,0,0,0,0,0
2GE,0,50,0,0,0,0,0
Jremy,0,50,0,0,0,0,0
yokam,0,50,0,0,0,0,0
lucas,0,74.72,0,0,0,0,1
Palla,0,50,0,0,0,0,0
Abo,0,50,0,0,0,0,0
heat,0,74.8,0,0,0,0,1
icy,0,74.99,0,0,0,0,1
supamen,0,50,0,0,0,0,0
Shyy,0,50,0,0,0,0,0
Mazino,0,74.68,0,0,0,0,3
Dantedeu5,0,50,0,0,0,0,0
silentzz,0,50,0,0,0,0,0
spike,0,65.19,0,0,0,0,11
lz,0,50,0,0,0,0,0
pANcada,0,74.95,0,0,0,0,2
v1c,0,74.86,0,0,0,0,1
lukxo,0,50,0,0,0,0,0
cauanzin,0,50,0,0,0,0,0
Virtyy,0,50,0,0,0,0,0
RobbieBk,0,74.86,0,0,0,0,2
Persia,0,50,0,0,0,0,0
Rb,0,71.79,0,0,0,0,1
JitBoyS,0,50,0,0,0,0,0
primmie,0,74.03,0,0,0,0,1
yay,0,74.9,0,0,0,0,5
OXY,0,50,0,0,0,0,0
AAAAY,0,50,0,0,0,0,0
qRaxs,0,50,0,0,0,0,0
Kicks,0,74.08,0,0,0,0,6
Sayf,0,50,0,0,0,0,0
Derke,0,74.64,0,0,0,0,12
kamyk,0,75,0,0,0,0,1
ComeBack,0,71.22,0,0,0,0,35
Elite,0,72.55,0,0,0,0,21
nataNk,0,50,0,0,0,0,0
Filu,0,74.81,0,0,0,0,2
MrFaliN,0,50,0,0,0,0,0
mitch,0,74.61,0,0,0,0,2
batujnax,0,50,0,0,0,0,0
BABYBAY,0,74.9,0,0,0,0,3
tex,0,74.88,0,0,0,0,3
Okeanos,0,74.86,0,0,0,0,2
kiNgg,0,50,0,0,0,0,0
zander,0,74.86,0,0,0,0,2
eeiu,0,74.79,0,0,0,0,2
Cryocells,0,74.72,0,0,0,0,1
Killua,0,50,0,0,0,0,0
Crws,0,50,0,0,0,0,0
Estrella,0,74.97,0,0,0,0,1
Ninebody,0,50,0,0,0,0,0
vo0kashu,0,74.67,0,0,0,0,3
Shr1mp,0,50,0,0,0,0,0
Spitfires,0,50,0,0,0,0,0
HanChe,0,50,0,0,0,0,0
deLb,0,50,0,0,0,0,0
K1ra,0,50,0,0,0,0,0
sword9,0,50,0,0,0,0,0
slowly,0,66.63,0,0,0,0,12
Yoyo,0,50,0,0,0,0,0
Ash,0,50,0,0,0,0,0
FengF,0,50,0,0,0,0,0
MarT1n,0,50,0,0,0,0,0
Biank,0,50,0,0,0,0,0
Kai,0,74.94,0,0,0,0,6
yosemite,0,50,0,0,0,0,0
Life,0,74.09,0,0,0,0,26
Autumn,0,74.72,0,0,0,0,2
BerLIN,0,74.45,0,0,0,0,11
JessieVash,0,50,0,0,0,0,0
Famouz,0,50,0,0,0,0,0
Shiro,0,50,0,0,0,0,0
NcSlasher,0,50,0,0,0,0,0
Karon,0,74.85,0,0,0,0,1
Jinboong,0,50,0,0,0,0,0
Akame,0,50,0,0,0,0,0
SSeeS,0,50,0,0,0,0,0
Papi,0,74.78,0,0,0,0,2
ban,0,66.3,0,0,0,0,9
Kr1stal,0,74.76,0,0,0,0,2
UdoTan,0,74.59,0,0,0,0,1
kellyS,0,50,0,0,0,0,0
n1zzy,0,50,0,0,0,0,0
Wild0reoo,0,50,0,0,0,0,0
ZesBeeW,0,50,0,0,0,0,0
SugarZ3ro,0,50,0,0,0,0,0
TenTen,0,74.07,0,0,0,0,4
Dep,0,50,0,0,0,0,0
dos9,0,74.86,0,0,0,0,2
BerserX,0,50,0,0,0,0,0
TenZ,0,74.53,0,0,0,0,10
