player,player_id
Bai,52101
vo0kashu,3741
MONSTEERR,3127
grubinho,5550
valyn,3885
RobbieBk,5893
Shyy,24007
Yuicaw,11218
Juicy,7426
pANcada,683
lz,6195
Nicc,11524
Wo0t,21328
Derke,5022
Ivy,31829
stew,16924
Jieni7,51244
kamo,14681
OXY,18796
OLIZERA,8502
baddyG,2190
t3xture,9196
koalanoob,3722
Add3r,4931
Filu,4544
lukxo,28716
ZesBeeW,2380
FengF,4770
leaf,7873
RaGe,58090
Wild0reoo,9740
Boo,1144
Yoyo,11843
Knight,4774
BABYBAY,2170
Cloud,4181
Zellsis,729
Kicks,11134
marteen,10307
Cangshu,46527
Ezeir,46460
Spitfires,4881
yay,881
Dambi,31827
bunt,25949
PatMen,13744
NoMan,11527
o0o0o,4402
Sylvan,4056
Pepper,1014
crashies,4
havoc,8706
Zap,3169
rushia,48878
Bunny,5283
Ninebody,3547
Jasper7se,33897
PROFEK,5554
vela,36666
player,46749
xnfri,7718
gobera,14950
AAAAY,19530
LuoK1ng,3045
MrCANI,37674
Scales,39485
artzin,5957
SSeeS,21438
mada,5132
Safiro,10543
Shiro,10739
BuZz,804
Munchkin,2489
Meiy,6672
MaKo,4462
iZu,29833
MiniBoo,18350
supamen,826
Life,3028
YOU,4710
Lsn,50080
Verno,21668
tuyz,2408
Melser,1311
Killua,13784
jakee,8742
dos9,16215
slowly,41739
tomaszy,19691
Meteor,13039
Kada,20871
whzy,4885
Foolish,58089
Avez,5654
primmie,25255
Art,10627
florescent,17976
bang,3880
Karon,34974
AtaKaptan,6510
waituu,47102
SuperBusS,4375
free1ng,1916
soulcas,101
icy,8402
ANGE1,109
westside,34684
coconut,12365
Pereira,58092
tex,1818
2GE,9735
Jinggg,7378
Doenmo,9783
ara,11332
Jemkin,24895
Monyet,8497
TenZ,9
Coco,47629
vakk,172
penny,7716
johnqt,1265
thyy,42901
yoman,25081
stellar,733
something,17086
v1nny,1586
nAts,457
Xeppaa,7871
SiuFatBB,7849
s0m,4164
Demon1,26171
Flex1n,4705
Estrella,25025
yosemite,6022
jkuro,3519
hype,129
Suggest,4559
Jamppi,9780
N4RRATE,36245
heat,8673
Levius,40845
Sato,21659
dgzin,8873
carpe,31207
Virtyy,3983
happywei,37927
Akame,13002
NaturE,4927
xeus,12793
AvovA,1507
Loupiote,16078
Xdll,25221
Sayf,312
Coreano,28446
Haodong,4720
CyvOph,13258
Flickless,6959
flyuh,3685
NcSlasher,7043
BerserX,4874
Rb,488
MintAuka,18133
Babyblue,15302
Okeanos,8373
nizhaoTZH,4880
cNed,573
JessieVash,2334
n1zzy,14225
Viva,36415
Rossy,1129
CLZ,2615
heybay,4712
aspas,8480
TvirusLuke,7841
mwzera,939
benjyfishy,29873
RieNs,10971
sociablEE,5568
Famouz,2348
Foxy9,11600
SpiritZ1,31753
Veqaj,12928
SUYGETSU,2858
xccurate,10816
Jinboong,4052
Kai,37494
saadhak,727
Crws,3977
Rarga,22047
Proxh,45494
UNFAKE,4521
Lysoar,37489
CHICHOO,15559
HYUNMIN,28400
invy,8504
TenTen,29839
PxS,13823
deLb,10821
Boaster,438
Autumn,872
Jremy,7405
Governor,3980
JonahP,4581
5CM,47101
brawk,2172
K1ra,46748
mindfreak,9800
cigdemT,20278
keznit,2462
JitBoyS,13788
zekken,4004
Kushy,4866
SyouTa,12990
cortezia,5395
MAGNUM,2173
XiYiJi,37020
nzr,725
Ethan,11225
GuanG,41054
runneR,21610
f0rsakeN,9801
Click,7866
neT,6582
eeiu,796
Spring,14125
C0M,619
Kr1stal,5796
lucas,19677
S1Mon,13768
Cryocells,4147
Grim,30594
sword9,3049
Mazino,7603
Shr1mp,25494
purp0,1885
Deryeon,9152
jawgemo,3993
Harmii,24803
gyen,48577
Zennakukin,8004
Helydia,58091
trexx,2168
OBONE,36670
Akeman,52904
Ash,25017
BerLIN,7857
KEREME,3922
trent,15500
Kess,9094
alexiiik,25906
spike,21661
Palla,15681
kamyk,1475
Askia,20238
Flashback,35013
zander,8082
Papi,13219
SWERL,1209
Eren,14444
pryze,662
Sidsity,48629
hiro,29867
LewN,20144
d4v41,9803
xffero,4871
kiNgg,8549
Midi,37017
KOHAL,29260
Elite,16459
pyrolll,8808
Ruxic,18677
Serial,18162
Less,8447
bdog,844
KovaQ,7987
FiNESSE,817
Derrek,1533
ZmjjKK,3520
UdoTan,4428
stax,485
Z1yan,41029
xenom,20240
silentzz,11921
Asuna,601
MOLSI,1281
Boostio,604
Shao,384
margaret,33576
cgrs,24679
sheydos,1428
nephh,10698
Sacy,659
surugamonkey,3205
TinaKitten,58086
Abo,5011
kaajak,9554
HanChe,42537
XII,13781
doma,1369
ComeBack,40591
Persia,4122
nobody,3017
v1c,17433
Minny,23169
ban,5129
DH,43057
Alfajer,9810
cauanzin,6193
SugarZ3ro,6668
Francis,31828
kellyS,7437
MARCTYLINHO,3579
B1ack,30526
paTiTek,309
BeYN,4678
Zyppan,11
skuba,11118
Smoggy,4742
zjc,7135
raafa,25743
qRaxs,1139
Dep,424
CB,39697
kklin,55828
Dynamite,42235
crazyguy,1430
f0rsaken,12088
Suga,58087
TheMisterCH,42535
suzu,10653
keiko,11494
Chronicle,458
Dantedeu5,41135
monk,14431
MrFaliN,8044
nataNk,5004
Urango,6238
mimi,17323
mitch,612
yetujey,8369
MarT1n,36668
Khalil,1711
oderus,1851
yokam,44259
adverso,3826
Biank,3021
batujnax,18615
